block_number,transaction_hash,from,to,value
46147,0x5c504ed432cb51138bcf09aa5e8a410dd4a1e204ef84bfed1be16dfba1b22060,0xA1E4380A3B1f749673E270229993eE55F35663b4,0x5DF9B87991262F6BA471F09758CDE1c0FC1De734,31337
46169,0x19f1df2c7ee6b464720ad28e903aeda1a5ad8780afc22f0b960827bd4fcf656d,0xbD08e0cDDEc097DB7901EA819a3d1FD9de8951A2,0x5C12A8e43Faf884521C2454f39560e6C265a68C8,19900000000000000000
46170,0x9e6e19637bb625a8ff3d052b7c2fe57dc78c55a15d258d77c43d5a9c160b0384,0x63Ac545C991243fa18aec41D4F6f598e555015dc,0xC93f2250589a6563f5359051c1eA25746549f0D8,599989500000000000000
46194,0xcb9378977089c773c074045b20ede2cdcc3a6ff562f4e64b51b20c5205234525,0x037dd056e7FDBd641DB5b6BEA2A8780A83FAe180,0x7e7eC15A5944e978257dDae0008C2F2eCe0A6090,100000000000000000000
46205,0x570ce19176bd0002b04a9179309129bbdaf0c4252ffeb76aedbb038cdf662850,0x3f2F381491797Cc5C0D48296C14Fd0Cd00Cdfa2D,0x4BD5f0Ee173C81d42765154865EE69361b6aD189,803989500000000000000
46214,0xe17d4d0c4596ea7d5166ad5da600a6fdc49e26e0680135a2f7300eedfd0d8314,0xA1E4380A3B1f749673E270229993eE55F35663b4,0xc9D4035F4A9226D50f79b73Aafb5d874a1B6537e,31337
46217,0x2ec382949ba0b22443aa4cb38267b1fb5e68e188109ac11f7a82f67571a0adf3,0xc8ebccC5F5689Fa8659d83713341e5aD19349448,0xc8ebccC5F5689Fa8659d83713341e5aD19349448,0
46219,0xe891897177614c91284b6929dc2ada5a87705c4729bda2d5eeae47ea2ca9d175,0xA1E4380A3B1f749673E270229993eE55F35663b4,0x5DF9B87991262F6BA471F09758CDE1c0FC1De734,31337
46220,0x35d4f3dae18d72a0d4caf02359ca1844687ff879a2655bdec5c33c9b0f65f795,0xF0cf0af5BD7d8A3a1CaD12A30b097265d49F255d,0xB608771949021D2f2F1c9C5Afb980AD8BCDA3985,100000000000000000000
46230,0x41738785c4330ce9531aed26b21b9cfba6f27b9183d11355f4d9522211c2a44e,0x1C68a66138783A63c98cc675a9eC77AF4598D35e,0xc8ebccC5F5689Fa8659d83713341e5aD19349448,50000000000000000000
46235,0x80f31704782a53514ab0693499f78922169885a16fd4821d42a4a820d2452799,0xFD2605a2bF58fDbB90db1Da55dF61628B47F9e8c,0x073f70b5bfAde6409E4951EF72BC8F4157677729,10000000000000000
46237,0x3a1be2710cc4c46adaf85bdfd42fa80b0f2044b3d976ee57de845981ae5a2430,0xBbeD46565f5aA9aF9539f543067821fA4B565438,0xbF8d8B4eC992203984f7379b001E87E6943Dd5E3,4406636741121
46239,0xc0c1c720bc5b3583ad3a4075730b44c0c120a0fe660e51817f8c857bf37dbec0,0x8CE4949d8a16542D423c17984E6739Fa72CeB177,0x15e34A8324164Ef0890471F6f527451F7a22CF12,100000000000000000000
46240,0x04ff148add6a0b71ba11ff0813e376c0bf12a23bc9b984b9fdac33f3ad85121d,0x136D4b662BbD1080Cfe4445B0fA213864435B7f1,0xc8ebccC5F5689Fa8659d83713341e5aD19349448,1000000000000000000000
46242,0x8e2ba7d83962ec633eab45afa77f37d72ecdfb40d968afd276c4320ad03a48a1,0x4d9279962029a8bd45639737E98b511eFF074C21,0x99C236141DaeC837Ece04fdAEE1D90cF8BbDC104,1000000000000000000
46245,0xe063d3191ade43913d74ede2b6e056bf0aeaa216f79de10a62edea76290f38f6,0x8CE4949d8a16542D423c17984E6739Fa72CeB177,0x15e34A8324164Ef0890471F6f527451F7a22CF12,100000000000000000000
46246,0x8514ce8f269e2745264a5d3529b7dea51538304a7e70871fe800ca4872d9d83c,0x136D4b662BbD1080Cfe4445B0fA213864435B7f1,0xc8ebccC5F5689Fa8659d83713341e5aD19349448,2000000000000000000000
46247,0x53b783a7552bae97fe01be2ec11d3d9f4344309b596954972f731384b38b5343,0x03B35D960c861Fe987C50380d76db9D6Ae1fa510,0xB83b76f35cF6b2149B34Ee092B3Fc93b7Bb54A8D,500000000000000000
46250,0x3811e0631ee580a60359958bf47fc9c61a8558c7ce7b8e0fff8f2ee01abc7a30,0x4d9279962029a8bd45639737E98b511eFF074C21,0xd65F9b9AA7BeCfd1481Bdd7E22527ca0900B7bc8,100000000000000000000
46251,0x304346de678ddca5b1311970e7e8d3f26a42d2924aaa2f2d73b8781a9a9a2c73,0xFD2605a2bF58fDbB90db1Da55dF61628B47F9e8c,0x073f70b5bfAde6409E4951EF72BC8F4157677729,10000000000000000
46253,0xfaa38b22af568040ad5f21db3d361736e7c94ee64f74c57a82b2af7ee17c2bf1,0x762998E1D75227fcEd7a70Be109a4C0B4eD86414,0x9E0Afd592B1e40BEe26816E360f02eebF04aD74B,1000000000000000
46254,0xe92bfc194a46e254244a83d8f1d07475cc28c871c12f53c3f9257d3af18e91b5,0x22F2DcFf5aD78c3Eb6850B5Cb951127B659522E6,0xb5CE1861d98E85c84531Dbc18720278328Fd97f6,1000000000000000000
46256,0xa65bf5b19d573a4dd48bc8a0a4a9f05b6d0bcd713cba1c57b45130cf890a5600,0x136D4b662BbD1080Cfe4445B0fA213864435B7f1,0xc8ebccC5F5689Fa8659d83713341e5aD19349448,999000000000000000000
46259,0x6a146485f54509d31fc1c692e2e15463ac14e220c8211a58edc3fc4abe4348e6,0x03B35D960c861Fe987C50380d76db9D6Ae1fa510,0x07dc8c8B927adbEDfa8f5d639b4352351F2F36d2,1000000000000000000
46260,0x0fb28c67b7769598af04e3f804b41eeddeacc2ceace8d0af00dac49d0eb0b09c,0x39d4A931402c0c79c457186F24dF8729cf957031,0xe1F5B8dc9336BC9637eA97c3f3b13Cd363F88854,3000000000000000000000
46261,0xb5d9600f78d76834ca44efc0e6dbc1e11b34007807ee4076afb6bf8933a74048,0x15e34A8324164Ef0890471F6f527451F7a22CF12,0x2c00e533f36aC741A29be87ACb63366D2200138C,100000000000000000000
46262,0x003bd72d0e4da122082e919487bb0df8734d0747141a1f9c24dbd96427a99ece,0x762998E1D75227fcEd7a70Be109a4C0B4eD86414,0x9E0Afd592B1e40BEe26816E360f02eebF04aD74B,18900000000000000000
46269,0x29a31f5c9a2820beb81ea553ba69e331193383c433c560fbfe921204a86d55b0,0xC1CdC601f89c0428b31302D187e0dc08ad7D1C57,0x806F38EDec3539c3B368f49f5783D8C673935375,1000000000000000000000
46270,0x0e2a5aa2d5cabaa90d3d00c9d8e5f3fb6e48e398df6b60a70bfecd584d33974c,0x22F2DcFf5aD78c3Eb6850B5Cb951127B659522E6,0xb5CE1861d98E85c84531Dbc18720278328Fd97f6,1000000000000000000
46271,0x6a749df68169beccb1a548f75d68badcba816c2ad142f6aa1c0129ae30f36d04,0x762998E1D75227fcEd7a70Be109a4C0B4eD86414,0x9E0Afd592B1e40BEe26816E360f02eebF04aD74B,42000000000000000
46273,0xc97331513f24f2bb94142a7e3b87d9da9d7a0760214129e225ff3eea4b188c38,0x6232dF6f3A300fCD3Bc591452ac447eeA3aC079F,0xd5508890f2b282Fb1939b561ec11D8f2b6ED4E05,1000000000000000000
46274,0x669890439f5093b7dfbca9b06de1d6da78ceacf1ec0753252b3e6cf10ff81a3e,0xdC49b9dc1AbB93Ebb856547a1C0578D65f4A32DE,0xfF68C2F39C4e7FE2f92c2DC2f8615b1BF070e0FA,15000000000000000000
46275,0xaef899f6769fe611b5557457a3802d5cfae060027745f6ba9ac21d4648f02ca8,0xfC97c2C87E3Cc03BeB5fA2fACaa10bbd0D0dA1AF,0x08CAC8952641d8Fc526ec1aB4f2dF826A5E7710F,10000000000000000
46276,0x8747dd2078867e89dd0341413062a8116bbe0ea1c48bac2a2d3adac1c084d149,0x8CE4949d8a16542D423c17984E6739Fa72CeB177,0x15e34A8324164Ef0890471F6f527451F7a22CF12,24000000000000000000000
46277,0x90bfb6520a7b0a1d7dfa90a3d9a9a003829bb96804c199825040aff6fe34e62c,0x136D4b662BbD1080Cfe4445B0fA213864435B7f1,0xc8ebccC5F5689Fa8659d83713341e5aD19349448,980000000000000000
46278,0xef8c113875caef23a7fb7931b39fe34ca0dd45178390ccff5eb5df7b2309ac3b,0xf7500C166f8beA2f82347606e5024BE9e4f4cE99,0x2d3Cf607ADCE246F0750b08eBDC87789edb2a407,10000000000000000
46279,0xcf9f3fdb64623a3a134148df946b97f51ee3a9102953133811f4b77cbfea9be1,0x03B35D960c861Fe987C50380d76db9D6Ae1fa510,0xB83b76f35cF6b2149B34Ee092B3Fc93b7Bb54A8D,1000000000000000000
46280,0xe98a45041d3decb084a08e88eb23dbb5ff19c5de7a71baace3b31ec20059d010,0x1C68a66138783A63c98cc675a9eC77AF4598D35e,0xc8ebccC5F5689Fa8659d83713341e5aD19349448,90000000000000000
46284,0xd0aeaae2480e1716520cc7ec3848d0b5188623695ddf5807882471ba23e5df95,0xC1CdC601f89c0428b31302D187e0dc08ad7D1C57,0x6331fC207Bfc3aAbDeD887b553e5CD9898c8f801,500000000000000000000
46286,0x6f240638f16616dbf658cbaac4bc472b79cfb880038300d1cd8b0abd04f6735e,0x9E0Afd592B1e40BEe26816E360f02eebF04aD74B,0x81c039692a575005F2f5F26C6F69DbA26a8F6408,5000000000000000000
46291,0xae55a9c251d1d4c3fc88347105a02a83b0ed1b1560c59b69aa6b3698dd3162df,0xFD2605a2bF58fDbB90db1Da55dF61628B47F9e8c,0x7266c8FD66eD582bEA23bd8BC48E58D7f17321F3,10000000000000000
46295,0x9243a44dcf0ecacbd81a3ce303c6f692cbe24882ef8fb9e82333103b0c52e394,0xFD2605a2bF58fDbB90db1Da55dF61628B47F9e8c,0x05da05EcF1F8a9ef04026806A840AeA02d290969,10000000000000000
46300,0xd23ae9b2e5c68caf2c5663af5ba27679dc3b3cb781c4dc698abbd17d63e32e9f,0xFD2605a2bF58fDbB90db1Da55dF61628B47F9e8c,0x88B3672d21FeCAa5313C37c59dE4ED53fD8c76fD,10000000000000000
46302,0xba4fae2d99b48a952dee13ad3df2e19e5b08cb701feda95d636458af8924eff1,0x6bAF48E1C966D16559cE2ddDb616FFa72004851e,0xF55cDbDF978F539ea4EEe0621f7f1a0F9F00f7d9,50000000000000000
46320,0xc453f788ffc29d12b2ee917e9f8a62c38eecaa4821f826aa5c466297c3fe4c64,0xF86a3eA8071F7095C7db8A05AE507A8929DBB876,0xFFB51e371b640C7C251DBFbA2F061b66E9aEA864,10000000000000000
46321,0xa1a176eab8a980ae3e09d7789188be7459bc04242ca119feb731f51fe2294c2b,0x3D0768da09CE77d25e2d998E6a7b6eD4b9116c2D,0xc9D4035F4A9226D50f79b73Aafb5d874a1B6537e,50000000000000000
46323,0x6a5f6d09e9a78b143e1c44dbdef83dfc2e90ced7c9e4817890f69f575771bb37,0x4F4a9Be10CD5D3FB5De48C17bE296f895690645b,0x365B685282c9b242Ec345fB64731ecfC4fcb834C,100000000000000000000
46324,0x84f105f753095d3b00bad565bb598c3c7e70a708f68d3494839b904698229136,0x232CB1cd49993c144A3F88B3611E233569a86bd6,0xCbF478675787C70C5696b1335EBCdaBF401298F9,1000000000000000000
46327,0xf17d7a9c5e9e53a80b11a1f69712bd6fcc99697767428746e6abd237fcb12ed5,0x4d9279962029a8bd45639737E98b511eFF074C21,0x99C236141DaeC837Ece04fdAEE1D90cF8BbDC104,1000000000000000000
46332,0x122763b6288c220f94c228b5afc0eb19ab611e26cd98a01fcb83fc65647661bd,0x4d9279962029a8bd45639737E98b511eFF074C21,0x99C236141DaeC837Ece04fdAEE1D90cF8BbDC104,1000000000000000000
46337,0x80b2f11a6243461a47db1e2cd7830b7da4199cb871a000340509a54eba203328,0x232CB1cd49993c144A3F88B3611E233569a86bd6,0xa08d215B5B6aAC4861A281aC7E400b78FEF04cbf,1000000000000000000000
46341,0x54ebfd455338fc47e55b49ae216411bceb7b0c2e1aa7149803f6187eb9607178,0xAF880FC7567D5595cACCe15c3FC14C8742C26C9e,0x543807d0aF2c58b49d7F25659D0472d4d8B8e8DA,1000000000000000000
46342,0x90622e215d2c1615a04298391a9be60bb16514b61ec364aba418400d70a4b6f3,0xBD744E3F13D79B33F6c8E1d5E32F8E9BA2866c46,0xD2e57181beE0BF25a2E7D377EaCCec854Bd65334,6093750000000000000
46343,0xa95aba36e952abf414b57ee7a57df88f328d2ef2469eb2aaf6c61d67aaec6735,0xBD744E3F13D79B33F6c8E1d5E32F8E9BA2866c46,0xD2e57181beE0BF25a2E7D377EaCCec854Bd65334,6093750000000000000
46344,0xd93d08d3b9eea108cf4a23eb75142770b1d1d870c2b716ecc331d96ceb94828a,0xBD744E3F13D79B33F6c8E1d5E32F8E9BA2866c46,0xD2e57181beE0BF25a2E7D377EaCCec854Bd65334,6093750000000000000
46345,0x0550c0a0e5bbbdb7f168bb4c47106f89a064dd751240b838329a72d4dbd14d81,0xBD744E3F13D79B33F6c8E1d5E32F8E9BA2866c46,0xD2e57181beE0BF25a2E7D377EaCCec854Bd65334,6093750000000000000
46347,0x2b4691e9a4eb3ccc81419e1e93a2e5b904c9b5d95b2ce70198c3fb0580df63f4,0xBD744E3F13D79B33F6c8E1d5E32F8E9BA2866c46,0xD2e57181beE0BF25a2E7D377EaCCec854Bd65334,6093750000000000000
46349,0x4a110de8110bb9eb250bdeb772ecafd517dfa109c14ff5d93dcfb96e9c562bb8,0x22F2DcFf5aD78c3Eb6850B5Cb951127B659522E6,0x9AA9205fAa68e731703c633b53FE5AF8eCe59d38,1000000000000000000
46350,0x589ccb8546a62fc93a6c97838fb43e56acc9964866d50b0a632489397703e448,0xDB0CC78f74d9827bdc8A6473276eB84Fdc976212,0x529049b336Ebfd6dF2f059c7FA964BA833a2c32B,1000000000000000000
46352,0x8ccd2c535b8b0aad772ade5105905817633865e64592b28f26ec99297b297643,0xF86a3eA8071F7095C7db8A05AE507A8929DBB876,0xFFB51e371b640C7C251DBFbA2F061b66E9aEA864,10000000000000000
46358,0x7dc913b80014a8b3a5ef8f0aee7d5acd4e2a610c6482f2afaab474fd1d9a3d0f,0xF86a3eA8071F7095C7db8A05AE507A8929DBB876,0xFFB51e371b640C7C251DBFbA2F061b66E9aEA864,11000000000000000
46359,0xe5abfd361a36c1196a46b8a352e180514561521f394f1888f92ff66f35091412,0xAF880FC7567D5595cACCe15c3FC14C8742C26C9e,0x543807d0aF2c58b49d7F25659D0472d4d8B8e8DA,15000000000000000000
46363,0xd6ed1f125c4222b5039f169eab9e81df1ebd1bd09f87faf0e11cdf0d6601c4f0,0x9252A9C83D5703eDC585CfDcE80d5F903D357514,0xC54671b79ffCdc38C550BFC2F43Aca4FAf8d6f64,9900000000000000000
46366,0xbab6d130b93743acc1b0660016ee092c0832bc839b143ac752309e9515beca3a,0xf7500C166f8beA2f82347606e5024BE9e4f4cE99,0x2A3A69c490DD4c3b15959D4dF6531d37E4F3e0d6,10000000000000000
46369,0x1fb91f15b5656671d58edc8e216f033195b50a157cc94c0583f24ac19fb2bae2,0xDB0CC78f74d9827bdc8A6473276eB84Fdc976212,0x529049b336Ebfd6dF2f059c7FA964BA833a2c32B,99000000000000000000
46370,0xba4b5fd92a26badad3cad22eb6f7c7e745053739b5f5d1e8a3afb00f8fb2a280,0xF86a3eA8071F7095C7db8A05AE507A8929DBB876,0x7Cd05927fE0AA3b6552db959e7539aE28dCBBDcf,11000000000000000
46371,0xee1da32e879d5fb90ac26683c8240b845904379b0ea9128acbb9c2513513e88a,0xAF880FC7567D5595cACCe15c3FC14C8742C26C9e,0x543807d0aF2c58b49d7F25659D0472d4d8B8e8DA,30000000000000000000
46382,0xdd7816ae5b88717117a1f2aed21880f8b83021391e214592af69f747e673e8b5,0xFD2605a2bF58fDbB90db1Da55dF61628B47F9e8c,0xAb5199486803893a6dc1AD1D31612895300BCcA9,10000000000000000
46383,0x57932a69f3746d414776c43e0242ced2187a92e8da8dd6511f6efcb6cc6b4947,0x8C6AE7a05a1dE57582ae2768204276c0ff47ed03,0x7a19C3C33f2a800b2FA361fD24277cAb0A1C1dB1,0
46384,0x181ea250b8fdb3d705d5cabcbdcff25b525b66d38c22e51f69d2301e920d6919,0x805D846fB0bc02a7337226d685be9ee773b9198a,0x3Ce9c2078713Ec3530f7EdFe8C0d9Dbf6f0FA5c1,2999800000000000000000
46388,0x5f9d4a10f7996d9ca202ee02ab9b39fecdc407aad06da922e8dbe293f80085b0,0x8C6AE7a05a1dE57582ae2768204276c0ff47ed03,0x7a19C3C33f2a800b2FA361fD24277cAb0A1C1dB1,1000000000000000000
46389,0x3993768b76c8c081878f536caa9a8c1e9e63f8943221219cf87c9633af7ac67d,0x0cDA12BF72d461BBc479eB92e6491d057e6B5Ad1,0x2A3A69c490DD4c3b15959D4dF6531d37E4F3e0d6,500000000000000000000
46390,0x2834064f4f1b0bfcdb7ba169e19889804dfdbc0922bf45d723932fbebaa591e7,0x8566610901AACe38b83244F3A9c831306a67b9dc,0xF54Cd4eA55D233E7175BBBc8d55645ad60C0Ea73,133700000000000000
46397,0x2ecb8ac61545dfc8e191ee9f3dde23b336c8b68e10c69eb2c5b29a813b425aaa,0x4F4a9Be10CD5D3FB5De48C17bE296f895690645b,0x365B685282c9b242Ec345fB64731ecfC4fcb834C,10000000000000000000000
46398,0x98ddf49c5b95f4b6ce94c7c570cf99cc918a004daba17f1f4ae0373a8fb9795f,0x805D846fB0bc02a7337226d685be9ee773b9198a,0x3Ce9c2078713Ec3530f7EdFe8C0d9Dbf6f0FA5c1,2999800000000000000000
46399,0xdccd57b6fc03fca0a124986f7ce748d5642e7bde8773e4daa770f6994582c858,0x07dc8c8B927adbEDfa8f5d639b4352351F2F36d2,0xB83b76f35cF6b2149B34Ee092B3Fc93b7Bb54A8D,100000000000000000000
46400,0x01f7583ce239ad19682ccbadb21d69a03cf7be333f4be9c02233874e3f79bf9d,0xF55cDbDF978F539ea4EEe0621f7f1a0F9F00f7d9,0x6bAF48E1C966D16559cE2ddDb616FFa72004851e,5000000000000000
46401,0x78e67bdd9e0bf6ce3cc6025e2ed9ee6d55828baae8d0c78dde0c1dd9fed0e33d,0xAF880FC7567D5595cACCe15c3FC14C8742C26C9e,0x543807d0aF2c58b49d7F25659D0472d4d8B8e8DA,20000000000000000000
46402,0x6c929e1c3d860ee225d7f3a7addf9e3f740603d243260536dfa2f3cf02b51de4,0xA1E4380A3B1f749673E270229993eE55F35663b4,,0
46403,0x8f798ca2400eaa90fef1a700dae338b0f81f2517ca2f181f11754e57aa5b3b82,0xF86a3eA8071F7095C7db8A05AE507A8929DBB876,0x7Cd05927fE0AA3b6552db959e7539aE28dCBBDcf,100000000000000000000
46406,0xfbfb230d663b1dd1b4decd1fb983f4aa4990879f06bc11600bef87e0f3304d8d,0xAF880FC7567D5595cACCe15c3FC14C8742C26C9e,0x543807d0aF2c58b49d7F25659D0472d4d8B8e8DA,20000000000000000000
46409,0x9950ffdb159eff6b85b1ab016a4ddd425e7e5d2232d624f2c4c2949dde8485f1,0x6bAF48E1C966D16559cE2ddDb616FFa72004851e,0xbF8d8B4eC992203984f7379b001E87E6943Dd5E3,50000000000000000
46411,0xdf9cd9ec1836c6e0c4a47b359811180f59a06e534c82f82464fa73035eae938f,0xAF880FC7567D5595cACCe15c3FC14C8742C26C9e,0x543807d0aF2c58b49d7F25659D0472d4d8B8e8DA,20000000000000000000
46420,0xe363505adc6b2996111f8bd774f8653a61d244cc6567b5372c2e781c6c63b737,0x22F2DcFf5aD78c3Eb6850B5Cb951127B659522E6,0x0000000000000000000000000000000000000000,0
46421,0xaaf8b3d16ed718848c7bf4c03acb8e8b77c30a128290577055b16ca7edf1e875,0x22F2DcFf5aD78c3Eb6850B5Cb951127B659522E6,0x0000000000000000000000000000000000000000,0
46423,0x5a9e14d0806ab9e1d031755dfcab5e808da0b4c7933bc9c055f70614cc11903d,0x22F2DcFf5aD78c3Eb6850B5Cb951127B659522E6,0x0000000000000000000000000000000000000000,0
46426,0x934570b14b251a78fa11aa42d61264b7433eb67c16de8af51e385c1f238776d7,0x4BD5f0Ee173C81d42765154865EE69361b6aD189,0x18ba9b3C8e3f8eBcb7325737c0f3004397F5B9ac,5000000000000000000
46438,0x9aee4c6644607a6b4a03bb3d385092908902c82e65e4cff0d1b68804010331a1,0xa89AC93b23370472DaAc337E9afdF642543F3E57,0xB5046cb3dC1DEDbd364514a2848E44C1dE4ED147,10000000000000000000
46445,0xb7d773a89297896cdaaaa542e362be7424afef00696f59061430067b044706ce,0xa89AC93b23370472DaAc337E9afdF642543F3E57,0xB5046cb3dC1DEDbd364514a2848E44C1dE4ED147,1000000000000000000000
46448,0x12435cee15f2cbb40311d24beec6872f53633d5e11ebbc2856cabae6ff61b5c5,0x664B099B945b899AaC84DA69dd6D4eEb3D03c8a3,0xFb75d7e985405567216Fd0917Eb8bB3b3E63fd48,100000000000000000
46450,0x4fb4ba87dce647bf43d31d9646fad02b1b026f4acf9e5bc4727444553721a5a2,0xa89AC93b23370472DaAc337E9afdF642543F3E57,0xB5046cb3dC1DEDbd364514a2848E44C1dE4ED147,1000000000000000000000
46451,0x2d718a798b84d49da5bb6b775a6c214a5e64b88d2e9fe684b9027aff304b5b6f,0xEA81cA8638540cD9d4D73d060F2ceBf2241ffc3E,0xB0bF4A71F730782368Ef660FE6D298F432F95450,300000000000000000000
46454,0xb82ffd79b261e9b50a8b3a05699921ae6884bccad99df77fc3957b93e41afd67,0xcd39cBcF71Ff4e9592F94db59db4ff45e34b174f,0x8178414Ff0aba7fD5bC60A72cB17e213b371F35C,1000000000000000
46456,0x6bb78cfd4dda5c68c9367024e4e1b3bd1c2004f48c82ce03560d6934a8b50274,0xa89AC93b23370472DaAc337E9afdF642543F3E57,0x52dE4B32E40bA930679EFEb2214357cDF6FEC979,100000000000000000000
46458,0xc649366299e2104f9a65d646604a6e23602eb3221677b560f168e0d72da3a992,0x9746c7e1ef2bd21FF3997fa467593a89cb852BD0,0xB0bF4A71F730782368Ef660FE6D298F432F95450,500000000000000000000
46459,0xddff881e1f6207ebd84a2635ef2ea2f6669e34186058c83240f480227259c583,0xa89AC93b23370472DaAc337E9afdF642543F3E57,0xB5046cb3dC1DEDbd364514a2848E44C1dE4ED147,10000000000000000000
46460,0xeebcf654a2466b472122aca941543bc53d50c29cb4095559ab12cd5c1df75e94,0x9746c7e1ef2bd21FF3997fa467593a89cb852BD0,0xB0bF4A71F730782368Ef660FE6D298F432F95450,500000000000000000000
46461,0x1b4d4b219aed1203996290ce51e2068624e747c4a66df6a86420eee866ef1905,0x895Ec5545644E0B78330Fffab8Ddeac9e833156c,0x63b0495e672B1382b1ac7968b02e3B4234fE59dd,599000000000000000000
46464,0xc22bafe6163954c03291b7de4db72a56cdfc12dc0d7c3b80134c939c45ce6bbc,0x0cDA12BF72d461BBc479eB92e6491d057e6B5Ad1,0xAb5199486803893a6dc1AD1D31612895300BCcA9,10000000000000000